{"cameraMode":{"drawMode":0,"name":"Shaded","section":"Shading Mode"},"sceneLighting":true,"audioPlay":false,"sceneViewState":{"m_AlwaysRefresh":false,"showFog":true,"showSkybox":true,"showFlares":true,"showImageEffects":true,"showParticleSystems":true,"showVisualEffectGraphs":true,"m_FxEnabled":true},"in2DMode":false,"pivot":{"x":-11.089879989624024,"y":0.600001335144043,"z":0.6999988555908203},"rotation":{"x":0.3542672395706177,"y":-0.6328620314598084,"z":0.40075239539146426,"w":0.5599867701530457},"size":25.189308166503908,"orthographic":false}